id,expected_level,predicted_level,score,correct
low-00,BAIXO,BAIXO,20,True
low-01,BAIXO,BAIXO,20,True
low-02,BAIXO,BAIXO,20,True
low-03,BAIXO,BAIXO,20,True
low-04,BAIXO,BAIXO,20,True
low-05,BAIXO,BAIXO,20,True
low-06,BAIXO,BAIXO,20,True
low-07,BAIXO,BAIXO,20,True
low-08,BAIXO,BAIXO,20,True
low-09,BAIXO,BAIXO,20,True
low-10,BAIXO,BAIXO,20,True
low-11,BAIXO,BAIXO,20,True
medium-00,MÉDIO,MÉDIO,40,True
medium-01,MÉDIO,MÉDIO,40,True
medium-02,MÉDIO,MÉDIO,40,True
medium-03,MÉDIO,MÉDIO,40,True
medium-04,MÉDIO,MÉDIO,40,True
medium-05,MÉDIO,MÉDIO,40,True
medium-06,MÉDIO,MÉDIO,40,True
medium-07,MÉDIO,MÉDIO,40,True
medium-08,MÉDIO,MÉDIO,40,True
medium-09,MÉDIO,MÉDIO,40,True
medium-10,MÉDIO,MÉDIO,40,True
medium-11,MÉDIO,MÉDIO,40,True
high-00,ALTO,ALTO,60,True
high-01,ALTO,ALTO,60,True
high-02,ALTO,ALTO,60,True
high-03,ALTO,ALTO,60,True
high-04,ALTO,ALTO,60,True
high-05,ALTO,ALTO,60,True
high-06,ALTO,ALTO,60,True
high-07,ALTO,ALTO,60,True
high-08,ALTO,ALTO,60,True
high-09,ALTO,ALTO,60,True
high-10,ALTO,ALTO,60,True
high-11,ALTO,ALTO,60,True
critical-00,CRÍTICO,CRÍTICO,100,True
critical-01,CRÍTICO,CRÍTICO,100,True
critical-02,CRÍTICO,CRÍTICO,100,True
critical-03,CRÍTICO,CRÍTICO,100,True
critical-04,CRÍTICO,CRÍTICO,100,True
critical-05,CRÍTICO,CRÍTICO,100,True
critical-06,CRÍTICO,CRÍTICO,100,True
critical-07,CRÍTICO,CRÍTICO,100,True
critical-08,CRÍTICO,CRÍTICO,100,True
critical-09,CRÍTICO,CRÍTICO,100,True
critical-10,CRÍTICO,CRÍTICO,100,True
critical-11,CRÍTICO,CRÍTICO,100,True
