run_id,users,repeat,wall_duration_s,locust_exit_code,requests,failures,requests_per_s,avg_response_ms,median_response_ms,p95_response_ms,p99_response_ms,max_response_ms,avg_t_san_ms,avg_t_score_ms,avg_t_db_ms,avg_t_total_ms,stage_metric_count,metric_retrieval_error
u5-r1-1788364359-b6575c,5,1,45.729,0,327,0,7.8556054579567345,590.8845776751842,490.0,1000.0,3700.0,5444.0762999875005,0.2635,0.0537,637.9945,638.4791,330,
u25-r1-1788364410-13ba15,25,1,46.058,0,287,0,6.688654152591731,3672.457788152765,3500.0,5900.0,6100.0,6147.698000015225,0.2491,0.0479,3685.513,3685.9981,312,
u150-r1-1788364461-b51aa7,150,1,46.022,0,1140,0,26.133205677321424,5371.948110701453,4100.0,12000.0,17000.0,17361.384399991948,0.4226,0.0814,1280.3966,1281.2742,1260,
u1-r1-1788364525-6ded32,1,1,45.687,0,7,0,0.16931883043135618,5866.941785714256,5000.0,12000.0,12000.0,12394.49639999657,0.2208,0.0568,6344.0275,6344.41,7,
u10-r1-1788364576-1be591,10,1,45.768,0,1420,0,32.09174244914986,276.60641774644216,220.0,510.0,800.0,5082.346699986374,0.2564,0.0521,245.0917,245.5902,1431,
u100-r1-1788364627-e0b4e7,100,1,45.828,0,2802,0,63.52009591824124,1504.872049072124,1500.0,2000.0,2300.0,2676.196099986555,0.312,0.0556,351.2451,351.833,2889,
u200-r1-1788364678-107095,200,1,45.884,0,2739,0,61.68370358316468,2989.9059741146734,3000.0,4200.0,4400.0,4468.730399996275,0.3003,0.0604,264.2549,264.8482,2916,
u50-r1-1788364731-8f5964,50,1,45.787,0,3604,0,81.55792661225257,573.5181466425133,550.0,730.0,870.0,1148.9874999970198,0.2831,0.0563,13.5193,14.058,3677,
u150-r2-1788364781-b7057f,150,2,45.823,0,2842,0,64.18405177549234,2175.8752078461807,1900.0,4100.0,4900.0,5674.059299984947,0.2841,0.0571,208.2533,208.8024,3000,
u1-r2-1788364834-68859a,1,2,45.863,0,386,0,8.722638644811902,76.97872331580376,62.0,170.0,220.0,306.9559000141453,0.2413,0.0515,49.9708,50.3881,389,
u50-r2-1788364885-3fd8f1,50,2,45.884,0,2602,0,58.67714782532994,810.3789963486365,740.0,1300.0,1600.0,1830.021100002341,0.2993,0.0593,366.7001,367.2882,2628,
u25-r2-1788364936-a7fcb2,25,2,45.885,0,2493,0,56.238787817780434,408.8964681506832,320.0,800.0,1500.0,2064.264999993611,0.2786,0.0518,234.262,234.8007,2527,
u100-r2-1788364987-045465,100,2,45.907,0,3520,0,79.63800294982016,1194.035138295384,1200.0,1500.0,1700.0,1844.2666000046302,0.2838,0.0559,19.1994,19.7366,3621,
u5-r2-1788365038-a9d9b6,5,2,47.0,0,847,0,19.10181824368178,225.51109209060758,180.0,490.0,1400.0,1530.407300015213,0.2725,0.0555,201.1813,201.6878,852,
u10-r2-1788365090-587db4,10,2,46.07,0,2690,0,61.760713518150446,127.48317791861577,100.0,230.0,670.0,1402.1409999986645,0.3124,0.0655,23.1246,23.7668,2704,
u200-r2-1788365141-4933d1,200,2,46.962,0,1579,0,35.635055416394096,3756.9015087396674,2900.0,13000.0,21000.0,21926.32450000383,,,,,0,"ReadTimeout: HTTPConnectionPool(host='localhost', port=8080): Read timed out. (read timeout=20)"
u50-r3-1788365213-f5ccb7,50,3,46.715,0,287,0,6.603060438468707,7438.968013589131,3200.0,29000.0,32000.0,31742.785200010985,0.3813,0.0803,3560.5514,3561.4128,345,
u100-r3-1788365265-466972,100,3,46.268,0,2304,0,52.13958484580421,1831.2004586800476,1700.0,2900.0,3700.0,4378.712699981406,0.3257,0.0658,332.4186,333.1063,2395,
u1-r3-1788365316-8f4f88,1,3,45.831,0,306,0,6.8664613496552045,108.9823859471948,91.0,170.0,410.0,1410.3706999740098,0.2709,0.0561,105.4324,105.8998,306,
u150-r3-1788365367-abdbf8,150,3,46.354,0,2255,0,51.77935627580963,2726.4515408869083,2300.0,5300.0,7800.0,8271.32800000254,0.3427,0.0672,310.3238,311.0236,2468,
u10-r3-1788365419-1daf2f,10,3,45.78,0,2141,0,48.336407694060334,171.56639953332518,160.0,280.0,350.0,405.22129999590106,0.2754,0.0535,143.8092,144.3452,2158,
u25-r3-1788365470-9db3fd,25,3,45.94,0,3129,0,70.7082097120567,318.37335580042026,300.0,420.0,610.0,942.1384000161197,0.2827,0.0565,70.0138,70.5743,3166,
u200-r3-1788365521-647831,200,3,46.129,0,2639,0,59.602592864536625,3103.976724895706,3100.0,4300.0,4800.0,5267.40989999962,0.3302,0.0645,229.7291,230.3675,2828,
u5-r3-1788365574-68bb11,5,3,45.914,0,1023,0,22.99610864461686,180.9543630498052,130.0,330.0,640.0,4216.590199997881,0.2506,0.0519,152.2776,152.7434,1025,
