Timestamp,User Count,Type,Name,Requests/s,Failures/s,50%,66%,75%,80%,90%,95%,98%,99%,99.9%,99.99%,100%,Total Request Count,Total Failure Count,Total Median Response Time,Total Average Response Time,Total Min Response Time,Total Max Response Time,Total Average Content Size
1788364937,0,,Aggregated,0.000000,0.000000,N/A,N/A,N/A,N/A,N/A,N/A,N/A,N/A,N/A,N/A,N/A,0,0,0,0.0,0,0,0
1788364938,25,POST,/analyze,0.000000,0.000000,0,0,0,0,0,0,0,0,0,0,0,46,0,390,395.4746869592624,196.8304000038188,596.7019000090659,3001.7391304347825
1788364938,25,,Aggregated,0.000000,0.000000,0,0,0,0,0,0,0,0,0,0,0,46,0,390,395.4746869592624,196.8304000038188,596.7019000090659,3001.7391304347825
1788364939,25,POST,/analyze,0.000000,0.000000,490,550,570,590,660,720,740,750,750,750,750,96,0,440,449.18996979261766,196.8304000038188,747.4915999919176,3000.71875
1788364939,25,,Aggregated,0.000000,0.000000,490,550,570,590,660,720,740,750,750,750,750,96,0,440,449.18996979261766,196.8304000038188,747.4915999919176,3000.71875
1788364940,25,POST,/analyze,39.000000,0.000000,440,540,560,570,630,660,720,740,750,750,750,151,0,410,428.914499999909,195.32840000465512,747.4915999919176,3000.907284768212
1788364940,25,,Aggregated,39.000000,0.000000,440,540,560,570,630,660,720,740,750,750,750,151,0,410,428.914499999909,195.32840000465512,747.4915999919176,3000.907284768212
1788364941,25,POST,/analyze,43.000000,0.000000,460,540,570,590,640,710,760,830,840,840,840,201,0,430,444.9743084575916,177.27910002577119,839.2333000083454,3000.6666666666665
1788364941,25,,Aggregated,43.000000,0.000000,460,540,570,590,640,710,760,830,840,840,840,201,0,430,444.9743084575916,177.27910002577119,839.2333000083454,3000.6666666666665
1788364942,25,POST,/analyze,43.000000,0.000000,430,540,560,590,640,710,760,830,840,840,840,229,0,410,435.1224641913729,177.27910002577119,839.2333000083454,3001.9170305676857
1788364942,25,,Aggregated,43.000000,0.000000,430,540,560,590,640,710,760,830,840,840,840,229,0,410,435.1224641913729,177.27910002577119,839.2333000083454,3001.9170305676857
1788364943,25,POST,/analyze,47.500000,0.000000,410,540,590,620,840,1100,1300,1300,1400,1400,1400,293,0,400,474.8005430027763,132.43800000054762,1422.1898000105284,3001.518771331058
1788364943,25,,Aggregated,47.500000,0.000000,410,540,590,620,840,1100,1300,1300,1400,1400,1400,293,0,400,474.8005430027763,132.43800000054762,1422.1898000105284,3001.518771331058
1788364944,25,POST,/analyze,45.800000,0.000000,440,560,640,740,930,1100,1300,1300,1400,1400,1400,322,0,420,505.40745093081193,132.43800000054762,1422.1898000105284,3001.726708074534
1788364944,25,,Aggregated,45.800000,0.000000,440,560,640,740,930,1100,1300,1300,1400,1400,1400,322,0,420,505.40745093081193,132.43800000054762,1422.1898000105284,3001.726708074534
1788364945,25,POST,/analyze,45.666667,0.000000,470,570,640,720,900,1000,1300,1300,1400,1400,1400,363,0,440,508.6531013770051,132.43800000054762,1422.1898000105284,3001.526170798898
1788364945,25,,Aggregated,45.666667,0.000000,470,570,640,720,900,1000,1300,1300,1400,1400,1400,363,0,440,508.6531013770051,132.43800000054762,1422.1898000105284,3001.526170798898
1788364946,25,POST,/analyze,43.285714,0.000000,450,570,630,700,880,1000,1200,1300,1400,1400,1400,416,0,430,501.76541322084984,132.43800000054762,1422.1898000105284,3001.8125
1788364946,25,,Aggregated,43.285714,0.000000,450,570,630,700,880,1000,1200,1300,1400,1400,1400,416,0,430,501.76541322084984,132.43800000054762,1422.1898000105284,3001.8125
1788364947,25,POST,/analyze,43.625000,0.000000,440,550,610,640,840,980,1200,1300,1400,1400,1400,466,0,430,491.3142800422674,132.43800000054762,1422.1898000105284,3001.821888412017
1788364947,25,,Aggregated,43.625000,0.000000,440,550,610,640,840,980,1200,1300,1400,1400,1400,466,0,430,491.3142800422674,132.43800000054762,1422.1898000105284,3001.821888412017
1788364948,25,POST,/analyze,44.777778,0.000000,440,560,640,690,860,990,1200,1300,1400,1400,1400,506,0,440,493.7744335963468,132.43800000054762,1422.1898000105284,3001.687747035573
1788364948,25,,Aggregated,44.777778,0.000000,440,560,640,690,860,990,1200,1300,1400,1400,1400,506,0,440,493.7744335963468,132.43800000054762,1422.1898000105284,3001.687747035573
1788364949,25,POST,/analyze,46.000000,0.000000,500,610,680,740,880,990,1200,1300,1400,1400,1400,551,0,460,507.6990246822628,132.43800000054762,1422.1898000105284,3001.640653357532
1788364949,25,,Aggregated,46.000000,0.000000,500,610,680,740,880,990,1200,1300,1400,1400,1400,551,0,460,507.6990246822628,132.43800000054762,1422.1898000105284,3001.640653357532
1788364950,25,POST,/analyze,46.100000,0.000000,470,600,660,720,880,990,1200,1300,1400,1400,1400,605,0,460,501.8543076034239,132.43800000054762,1422.1898000105284,3001.666115702479
1788364950,25,,Aggregated,46.100000,0.000000,470,600,660,720,880,990,1200,1300,1400,1400,1400,605,0,460,501.8543076034239,132.43800000054762,1422.1898000105284,3001.666115702479
1788364951,25,POST,/analyze,44.600000,0.000000,480,600,660,720,880,980,1200,1300,1400,1400,1400,650,0,450,498.25056215403424,132.43800000054762,1422.1898000105284,3001.4061538461538
1788364951,25,,Aggregated,44.600000,0.000000,480,600,660,720,880,980,1200,1300,1400,1400,1400,650,0,450,498.25056215403424,132.43800000054762,1422.1898000105284,3001.4061538461538
1788364952,25,POST,/analyze,44.800000,0.000000,460,550,630,660,800,880,950,970,1000,1000,1000,704,0,440,491.0330092331027,132.43800000054762,1422.1898000105284,3001.3082386363635
1788364952,25,,Aggregated,44.800000,0.000000,460,550,630,660,800,880,950,970,1000,1000,1000,704,0,440,491.0330092331027,132.43800000054762,1422.1898000105284,3001.3082386363635
1788364953,25,POST,/analyze,44.800000,0.000000,460,540,600,630,750,860,940,970,1000,1000,1000,759,0,440,485.10615520432503,129.9245999834966,1422.1898000105284,3001.3583662714095
1788364953,25,,Aggregated,44.800000,0.000000,460,540,600,630,750,860,940,970,1000,1000,1000,759,0,440,485.10615520432503,129.9245999834966,1422.1898000105284,3001.3583662714095
1788364954,25,POST,/analyze,47.000000,0.000000,460,530,600,630,730,800,880,890,970,970,970,793,0,440,490.868847288726,129.9245999834966,1422.1898000105284,3001.312736443884
1788364954,25,,Aggregated,47.000000,0.000000,460,530,600,630,730,800,880,890,970,970,970,793,0,440,490.868847288726,129.9245999834966,1422.1898000105284,3001.312736443884
1788364955,25,POST,/analyze,48.100000,0.000000,440,520,600,630,720,790,850,890,970,970,970,859,0,440,487.512469033615,129.9245999834966,1422.1898000105284,3001.392316647264
1788364955,25,,Aggregated,48.100000,0.000000,440,520,600,630,720,790,850,890,970,970,970,859,0,440,487.512469033615,129.9245999834966,1422.1898000105284,3001.392316647264
1788364956,25,POST,/analyze,48.800000,0.000000,460,540,610,640,720,790,860,890,970,970,970,903,0,440,485.43814628995835,129.9245999834966,1422.1898000105284,3001.407530454042
1788364956,25,,Aggregated,48.800000,0.000000,460,540,610,640,720,790,860,890,970,970,970,903,0,440,485.43814628995835,129.9245999834966,1422.1898000105284,3001.407530454042
1788364957,25,POST,/analyze,48.800000,0.000000,450,530,600,630,710,790,860,890,970,970,970,903,0,440,485.43814628995835,129.9245999834966,1422.1898000105284,3001.407530454042
1788364957,25,,Aggregated,48.800000,0.000000,450,530,600,630,710,790,860,890,970,970,970,903,0,440,485.43814628995835,129.9245999834966,1422.1898000105284,3001.407530454042
1788364958,25,POST,/analyze,49.500000,0.000000,450,520,590,630,730,1600,1700,1700,1800,1800,1800,960,0,450,512.6551096873603,129.9245999834966,1793.5148999968078,3001.4802083333334
1788364958,25,,Aggregated,49.500000,0.000000,450,520,590,630,730,1600,1700,1700,1800,1800,1800,960,0,450,512.6551096873603,129.9245999834966,1793.5148999968078,3001.4802083333334
1788364959,25,POST,/analyze,44.300000,0.000000,450,530,600,650,750,1600,1700,1700,1800,1800,1800,1006,0,460,513.0734973159275,129.9245999834966,1793.5148999968078,3001.4254473161036
1788364959,25,,Aggregated,44.300000,0.000000,450,530,600,650,750,1600,1700,1700,1800,1800,1800,1006,0,460,513.0734973159275,129.9245999834966,1793.5148999968078,3001.4254473161036
1788364960,25,POST,/analyze,44.200000,0.000000,460,540,610,660,750,1600,1700,1700,1800,1800,1800,1047,0,460,511.4432111746463,129.9245999834966,1793.5148999968078,3001.3553008595986
1788364960,25,,Aggregated,44.200000,0.000000,460,540,610,660,750,1600,1700,1700,1800,1800,1800,1047,0,460,511.4432111746463,129.9245999834966,1793.5148999968078,3001.3553008595986
1788364961,25,POST,/analyze,45.000000,0.000000,460,530,610,660,760,1600,1700,1700,1800,1800,1800,1098,0,450,508.8842498175497,129.9245999834966,1793.5148999968078,3001.3497267759562
1788364961,25,,Aggregated,45.000000,0.000000,460,530,610,660,760,1600,1700,1700,1800,1800,1800,1098,0,450,508.8842498175497,129.9245999834966,1793.5148999968078,3001.3497267759562
1788364962,25,POST,/analyze,44.700000,0.000000,480,560,640,680,790,1600,1700,1700,1800,1800,1800,1139,0,460,509.37883643514914,129.9245999834966,1793.5148999968078,3001.313432835821
1788364962,25,,Aggregated,44.700000,0.000000,480,560,640,680,790,1600,1700,1700,1800,1800,1800,1139,0,460,509.37883643514914,129.9245999834966,1793.5148999968078,3001.313432835821
1788364963,25,POST,/analyze,45.000000,0.000000,460,540,620,660,790,1600,1700,1700,1800,1800,1800,1188,0,460,508.616609511524,129.9245999834966,1793.5148999968078,3001.5319865319866
1788364963,25,,Aggregated,45.000000,0.000000,460,540,620,660,790,1600,1700,1700,1800,1800,1800,1188,0,460,508.616609511524,129.9245999834966,1793.5148999968078,3001.5319865319866
1788364964,25,POST,/analyze,43.100000,0.000000,460,550,620,670,830,1600,1700,1700,2100,2100,2100,1238,0,460,513.3908384489503,129.9245999834966,2064.264999993611,3001.575928917609
1788364964,25,,Aggregated,43.100000,0.000000,460,550,620,670,830,1600,1700,1700,2100,2100,2100,1238,0,460,513.3908384489503,129.9245999834966,2064.264999993611,3001.575928917609
1788364965,25,POST,/analyze,41.500000,0.000000,480,560,650,720,920,1600,1700,1700,2100,2100,2100,1277,0,460,515.3874829286158,129.9245999834966,2064.264999993611,3001.443226311668
1788364965,25,,Aggregated,41.500000,0.000000,480,560,650,720,920,1600,1700,1700,2100,2100,2100,1277,0,460,515.3874829286158,129.9245999834966,2064.264999993611,3001.443226311668
1788364966,25,POST,/analyze,42.200000,0.000000,480,560,640,690,850,1600,1700,1700,2100,2100,2100,1336,0,460,511.44610531419005,129.9245999834966,2064.264999993611,3001.2642215568862
1788364966,25,,Aggregated,42.200000,0.000000,480,560,640,690,850,1600,1700,1700,2100,2100,2100,1336,0,460,511.44610531419005,129.9245999834966,2064.264999993611,3001.2642215568862
1788364967,25,POST,/analyze,41.400000,0.000000,430,510,560,620,720,820,940,1300,2100,2100,2100,1424,0,440,495.7530303368565,129.9245999834966,2064.264999993611,3001.129213483146
1788364967,25,,Aggregated,41.400000,0.000000,430,510,560,620,720,820,940,1300,2100,2100,2100,1424,0,440,495.7530303368565,129.9245999834966,2064.264999993611,3001.129213483146
1788364968,25,POST,/analyze,40.300000,0.000000,360,470,530,570,720,810,920,1200,2100,2100,2100,1508,0,420,482.6656791775019,129.9245999834966,2064.264999993611,3000.8653846153848
1788364968,25,,Aggregated,40.300000,0.000000,360,470,530,570,720,810,920,1200,2100,2100,2100,1508,0,420,482.6656791775019,129.9245999834966,2064.264999993611,3000.8653846153848
1788364969,25,POST,/analyze,48.200000,0.000000,280,410,490,530,670,810,920,1200,2100,2100,2100,1597,0,410,469.56643800847985,129.9245999834966,2064.264999993611,3000.7827175954917
1788364969,25,,Aggregated,48.200000,0.000000,280,410,490,530,670,810,920,1200,2100,2100,2100,1597,0,410,469.56643800847985,129.9245999834966,2064.264999993611,3000.7827175954917
1788364970,25,POST,/analyze,52.800000,0.000000,280,340,430,490,650,780,880,1200,2100,2100,2100,1671,0,390,462.0264230398532,129.9245999834966,2064.264999993611,3000.661879114303
1788364970,25,,Aggregated,52.800000,0.000000,280,340,430,490,650,780,880,1200,2100,2100,2100,1671,0,390,462.0264230398532,129.9245999834966,2064.264999993611,3000.661879114303
1788364971,25,POST,/analyze,57.700000,0.000000,270,300,350,420,590,750,870,1200,2100,2100,2100,1754,0,380,452.9698573544462,129.9245999834966,2064.264999993611,3000.523945267959
1788364971,25,,Aggregated,57.700000,0.000000,270,300,350,420,590,750,870,1200,2100,2100,2100,1754,0,380,452.9698573544462,129.9245999834966,2064.264999993611,3000.523945267959
1788364972,25,POST,/analyze,60.400000,0.000000,280,310,330,370,510,690,850,1200,2100,2100,2100,1823,0,370,448.4967318703953,129.9245999834966,2064.264999993611,3000.426769061986
1788364972,25,,Aggregated,60.400000,0.000000,280,310,330,370,510,690,850,1200,2100,2100,2100,1823,0,370,448.4967318703953,129.9245999834966,2064.264999993611,3000.426769061986
1788364973,25,POST,/analyze,62.800000,0.000000,280,300,310,320,390,560,720,850,960,960,960,1900,0,360,441.8806488419221,129.9245999834966,2064.264999993611,3000.3257894736844
1788364973,25,,Aggregated,62.800000,0.000000,280,300,310,320,390,560,720,850,960,960,960,1900,0,360,441.8806488419221,129.9245999834966,2064.264999993611,3000.3257894736844
1788364974,25,POST,/analyze,66.000000,0.000000,280,300,320,340,420,560,720,850,960,960,960,1955,0,360,441.35896245501766,129.9245999834966,2064.264999993611,3000.290537084399
1788364974,25,,Aggregated,66.000000,0.000000,280,300,320,340,420,560,720,850,960,960,960,1955,0,360,441.35896245501766,129.9245999834966,2064.264999993611,3000.290537084399
1788364975,25,POST,/analyze,69.500000,0.000000,280,290,310,320,370,450,540,610,850,850,850,2035,0,350,435.0091684518979,129.9245999834966,2064.264999993611,3000.2619164619164
1788364975,25,,Aggregated,69.500000,0.000000,280,290,310,320,370,450,540,610,850,850,850,2035,0,350,435.0091684518979,129.9245999834966,2064.264999993611,3000.2619164619164
1788364976,25,POST,/analyze,71.100000,0.000000,280,290,300,310,350,390,470,530,550,550,550,2112,0,340,429.6788915717116,129.9245999834966,2064.264999993611,3000.2552083333335
1788364976,25,,Aggregated,71.100000,0.000000,280,290,300,310,350,390,470,530,550,550,550,2112,0,340,429.6788915717116,129.9245999834966,2064.264999993611,3000.2552083333335
1788364977,25,POST,/analyze,74.300000,0.000000,280,290,300,310,350,390,470,530,550,550,550,2195,0,330,423.74069544396275,129.9245999834966,2064.264999993611,3000.2191343963555
1788364977,25,,Aggregated,74.300000,0.000000,280,290,300,310,350,390,470,530,550,550,550,2195,0,330,423.74069544396275,129.9245999834966,2064.264999993611,3000.2191343963555
1788364978,25,POST,/analyze,77.800000,0.000000,280,300,310,320,360,400,470,530,550,550,550,2270,0,330,419.59707519810826,129.9245999834966,2064.264999993611,3000.2259911894275
1788364978,25,,Aggregated,77.800000,0.000000,280,300,310,320,360,400,470,530,550,550,550,2270,0,330,419.59707519810826,129.9245999834966,2064.264999993611,3000.2259911894275
1788364979,25,POST,/analyze,77.200000,0.000000,290,300,320,330,370,400,470,530,550,550,550,2341,0,330,416.6998173856145,129.9245999834966,2064.264999993611,3000.1290046988465
1788364979,25,,Aggregated,77.200000,0.000000,290,300,320,330,370,400,470,530,550,550,550,2341,0,330,416.6998173856145,129.9245999834966,2064.264999993611,3000.1290046988465
1788364980,25,POST,/analyze,77.000000,0.000000,290,300,320,330,370,400,470,530,550,550,550,2417,0,320,412.9143598674707,129.9245999834966,2064.264999993611,3000.055440628879
1788364980,25,,Aggregated,77.000000,0.000000,290,300,320,330,370,400,470,530,550,550,550,2417,0,320,412.9143598674707,129.9245999834966,2064.264999993611,3000.055440628879
1788364981,25,POST,/analyze,74.600000,0.000000,290,300,310,320,370,400,470,530,550,550,550,2493,0,320,408.8964681506832,129.9245999834966,2064.264999993611,3000.0240673886883
1788364981,25,,Aggregated,74.600000,0.000000,290,300,310,320,370,400,470,530,550,550,550,2493,0,320,408.8964681506832,129.9245999834966,2064.264999993611,3000.0240673886883
